标题,作者,摘要,关键词
基于DDR内存总线的高速网络接入技术,"张晓彤,王景存,王沁,刘兰军","在机群系统中,机群的互连网络性能对整个机群系统的性能有着至关重要的影响.机群系统要求互连网络具有高带宽、低延迟、高可靠等特性,传统的互连网络接入方法基本上基于PCI接口.本文提出了基于DDR DIMM内存总线的接入思想,采用可编程逻辑器件FPGA实现网络接口设计,通过直接读写内存方式提高并行接入带宽,并将部分通讯协议下载到网卡上以提高计算和通讯的速度.实测表明,在不包括上层协议的情况下,接口卡的数据接入带宽可达3120Mbps,给出了基于FPGA的实现方法,并用Xilinx Virtex-Ⅱ Pro-20 FPGA进行了仿真和验证.","网络,高速互连,网络接口卡,DDR,DIMM,FPGA"
神经网络PID控制,"杜建凤,崔勇,张寒松,严忠慧","以工业PID控制中控制器参数调整困难为背景,在分析神经网络特性的基础上,提出神经网络控制方法,设计了具有自适应性的神经网络PID控制器。在描述了神经网络的学习机理的基础上,给出了控制器控制算法。通过2个实例验证了神经网络在线控制的可行性。","神经网络,学习机理,控制算法"
回声状态网络的研究进展,"罗熊,黎江,孙增圻","回声状态网络是近年来新兴的一种递归神经网络,独特而简单的训练方式以及高精度的训练结果已使其成为当前研究的热点之一.在该网络中,引入了储备池计算模式这一新的神经网络的建设方案,克服了之前网络模型基于梯度下降的学习算法所难以避免的收敛慢和容易陷入局部极小等问题.围绕这种新型网络结构,国内外许多学者开展了多样的研究.本文全面深入介绍了回声状态网络这一新兴技术,讨论了回声状态网络的优缺点,并综合近年的研究现状,总结了回声状态网络的主要研究工作进展和未来的研究方向.","回声状态网络,储备池计算,递归神经网络"
神经网络在信号处理中的应用,"徐金梧,梁静","运用BP网络来消除信号的随机噪声和模式识别.作为例子,考虑了正弦波、矩形波和三角波3种信号.在50%噪声情况下,BP网络仍能有效地消除这3种信号中的随机噪声并正确地找出它的理想模式.","神经网络,信号处理/BP网络,随机噪声,模式识别"
一种用于模式分类有监督的模糊ART神经网络,"潘紫微,徐金梧","探讨了一种将有监督学习机制融合到模糊ART网络构成一个有监督的模糊ART神经网络模型.这种网络能同时处理有监督和无监督学习问题,并具有积累和增加网络学习的能力.对该网络进行了滚动轴承检测数据模式分类实验,并与BP网络进行了比较性实验.结果表明:该网络具有良好模式分类能力和较好的可塑性.","神经网络,模糊理论,模式识别"
基于神经网络的动态矩阵控制,"石中锁,孙一康,舒迪前","利用神经网络优化性能指标实现了动态控制,并给出了计算机模拟实例。","控制/动态矩阵控制,神经网络,Hopfield网络"
基于遗传算法的网络优化技术在设备维修中的应用,"张武军,徐金梧,杨德斌","遗传算法用于维修网络优化,是求解网络优化问题的一个新思路.实例证明,遗传算法用于机床维修网络优化,其计算结果比模糊网络规化得出的最优解更精确.","遗传算法,网络优化,设备维修"
生态产业共生网络均衡模型,"刘国山,徐士琴,孙懿文,韩继业","建立了生态产业共生网络均衡模型的标号系统,该生态产业系统可有效地减少原材料使用量并降低污染物排放.针对生态产业共生网络多产品(主副产品和废弃物)和多层次(生产者企业、消费者企业、分解者企业和需求市场)的复杂网络结构,基于标号系统描述了生态产业共生网络各层决策成员的利润优化行为以得到均衡条件,利用变分不等式构建生态产业共生网络均衡模型.在一定假设条件下,探讨变分不等式问题解的性质并构造数值算例以验证模型的正确性与合理性.","生态学,产业共生,废弃物处理,变分不等式问题,博弈论,标号系统"
混沌时间序列神经网络拓扑结构的选取方法,"李擎,郑德玲","采用3层前向神经网络描述混沌时间序列的动力学模型,给出了该网络拓扑结构的确定方法.以及使网络泛化误差达到最小为依据确定网络的输入节点和隐含节点个数.仿真结果表明:该方法不仅优化了网络的结构,而且大大减少了网络的泛化误差.","混沌时间序列,神经网络,拓扑结构,泛化误差"
基于回归神经网络的复杂工业对象的建模,"魏剑平,李华德,余达太,冯扬","讨论一种动态神经网络——Elman回归神经网络的结构和算法.基于这一网络结构提出了非线性时变工业对象——直流电弧的神经网络建模方法,并与用其他方法为对象建立的模型进行了比较,结果证明回归网络模型能够很好地适配该工业对象,显示了动态神经网络在工业对象建模中的良好应用前景.","回归神经网络,建模,工业对象"
下一代制造系统网络性能管理模型,"才力,赵文清,丁预展","通过对下一代制造系统网络特点的分析,提出了一种基于Internet的分布式网络管理系统,给出了其核心-基于人工神经网络的网络性能管理专家系统的模型.同时对此模型的核心模块——神经网络模块进行设计,实现网络性能问题的发现和相关原因的分析,并提出优化建议.","NGMS,网络性能管理,神经网络,专家系统"
基于图神经网络增强通信特征的僵尸网络异常通信检测,"王云浩,胡堰,皇甫伟,霍佳皓",工业互联网中的传统工业设备存在大量安全漏洞，在联网过程中易受僵尸网络攻击，其通过恶意控制大量联网设备，实现对目标网络的大规模协同攻击. 传统基于规则或阈值的检测方法过度依赖静态签名或人工阈值设定，很难适应动态变化的网络环境；传统机器学习技术对复杂网络高维通信特征的处理能力有限，导致检测能力受限；基于深度学习的检测技术通常将网络流量视为时间序列或空间数据进行处理，无法对设备拓扑依赖关系进行建模，因而难以识别僵尸网络协同攻击. 为了解决上述局限性，本文采用图结构准确建模复杂通信网络拓扑结构，并提出一种基于图神经网络增强通信特征的僵尸网络异常通信检测技术. 首先从网络流量数据中挖掘细粒度的节点特征与通信特征；然后通过图神经网络的信息传播与聚合机制，获得准确的节点聚合特征表示；再用节点聚合特征增强通信特征，实现准确的异常通信检测；最后在大型公开数据集CTU-13上进行了综合实验，验证所提出方法的有效性. 实验结果表明所提出的方案与现有的卷积神经网络、长短时记忆网络及其融合模型等异常检测算法，以及最新提出的Bot-DM僵尸网络检测方法相比，能更准确地检测僵尸网络异常通信.,"工业互联网安全,僵尸网络,异常通信检测,图神经网络,深度学习"
远程SAN存储网络的设计与实现,"郝卫东,杨扬,陶丽红,刘鸿涛","描述了覆盖天津港务局全港的远程光纤存储网络的结构,对其可扩展性以及数据传输协议进行了分析,对10 Gbit速率下长距离光纤扩展时的链路功率预算值进行了计算.结果表明,在设计和实现远程光纤存储网时选择iSCSI和FC SAN融合的技术路线有利于在保证性能的同时降低成本.该系统已经成功实施,并运转正常.","存储网络,SAN,FC,iSCSI,链路功率预算"
神经网络在自适应滤波中的应用,"李连源,王绍纯",利用神经网络对白噪声、红噪声和正弦波进行辨识.进而采用单片机对以上3种噪声和尖峰脉冲干扰进行自适应滤波处理.实验结果表明该方案正确.,"神经网络,自适应滤波器,单片机"
网络控制系统保性能控制,"崔桂梅,穆志纯,李晓理,郝智红","针对网络控制系统中时延不确定因素,将时延的不确定性转换为系统状态方程系数矩阵的不确定性,网络控制系统对象模型为具有时滞的不确定离散模型.在此模型的基础上,将网络控制系统的保性能控制问题转化为研究时滞的不确定离散系统的鲁棒保性能控制问题.利用Lya-punov理论及线性矩阵不等式(LMI)方法,证明了通过状态反馈控制,使网络控制系统保性能控制的充分条件等价于求解LMI.仿真示例验证了该控制方法的有效性.","网络控制系统,保性能控制,时延,线性矩阵不等式,离散系统"
基于FPGA的神经网络硬件实现方法,"李昂,王沁,李占才,万勇","提出了一种可以灵活适应不同的工程应用中神经网络在规模、拓扑结构、传递函数和学习算法上的变化,并能及时根据市场需求快速建立原型的神经网络硬件可重构实现方法.对神经网络的可重构特征进行了分析,提出了三种主要的可重构单元;研究了可重构的脉动体系结构及BP网络到该结构映射算法;探讨了具体实现的相关问题.结果表明,这种方法不仅灵活性强,其实现的硬件也有较高的性价比,使用一片FPGA中的22个乘法器工作于100MHz时,学习速度可达432MCUPS.","神经网络,FPGA,可重构,脉动阵列"
基于对角递归神经网络的建模及应用,"段慧达,郑德玲,刘聪","介绍了对角递归神经网络,针对BP算法收敛慢的缺点,将递推预报误差学习算法应用到神经网络权值和域值的训练.通过对非线性系统辨识的仿真及在磷化温控系统建模中的应用,验证了这种建模方法的有效性.","对角递归神经网络,非线性系统辨识,磷化,递推预报误差"
深度神经网络模型压缩综述,"李江昀,赵义凯,薛卓尔,蔡铮,李擎",深度神经网络近年在计算机视觉以及自然语言处理等任务上不断刷新已有最好性能，已经成为最受关注的研究方向.深度网络模型虽然性能显著，但由于参数量巨大、存储成本与计算成本过高，仍然难以部署到硬件受限的嵌入式或移动设备上.相关研究发现，基于卷积神经网络的深度模型本身存在参数冗余，模型中存在对最终结果无用的参数，这为深度网络模型压缩提供了理论支持.因此，如何在保证模型精度条件下降低模型大小已经成为热点问题.本文对国内外学者近几年在模型压缩方面所取得的成果与进展进行了分类归纳并对其优缺点进行评价，并探讨了模型压缩目前存在的问题以及未来的发展方向.,"深度神经网络,模型压缩,深度学习,网络剪枝,网络蒸馏"
具有时变时滞耦合的两个不同复杂网络的自适应同步,"王健安,刘贺平,石馨","针对两个不同的时变时滞耦合复杂网络,提出一个新的网络同步模型.该模型中的两个网络在节点数目、拓扑结构、内部耦合、耦合时滞及节点动态均可不相同.基于LaSalle不变原理,设计自适应控制器使得两个网络获得同步.进一步研究了具有未知拓扑结构的两个复杂网络的自适应同步问题.数值结果表明了本文方法的有效性.","复杂网络,自适应同步,拓扑结构,时变时滞"
基于卷积神经网络的连续语音识别,"张晴晴,刘勇,潘接林,颜永红","在语音识别中,卷积神经网络(convolutional neural networks,CNNs)相比于目前广泛使用的深层神经网络(deep neural network,DNNs),能在保证性能的同时,大大压缩模型的尺寸.本文深入分析了卷积神经网络中卷积层和聚合层的不同结构对识别性能的影响情况,并与目前广泛使用的深层神经网络模型进行了对比.在标准语音识别库TIMIT以及大词表非特定人电话自然口语对话数据库上的实验结果证明,相比传统深层神经网络模型,卷积神经网络明显降低模型规模的同时,识别性能更好,且泛化能力更强.","卷积神经网络,连续语音识别,权值共享,聚合,泛化性"
铁水含硅量预报神经网络模型,"杨尚宝,杨天钧,董一诚","针对我国高炉的检测水平,采用人工神经网络的方法建立了一种用于铁水含硅量预报的神经网络模型。该模型具有良好的适应性和自学习功能。","高炉,含硅量,预报,神经网络,模型"
人工神经网络方法在Osprey过程中的应用,"傅晓伟,张济山,孙祖庆","以BP反传理论为基础,建立了对Osprey过程的前向多层神经网络,并对其进行测试.利用这一方法研究了Osprey过程中部分参数对孔隙度的影响.结果证明该网络较好地实现了学习和预测.","神经网络,Osprey,孔隙度"
5G超密集网络的能量效率研究综述,"马忠贵,宋佳倩","首先从绿色通信入手, 对网络能量效率的国内外研究现状进行了分析. 在此基础上, 对超密集网络的关键性能指标, 即能量效率的各种定义进行了梳理, 为建模奠定了基础. 其次, 讨论了网络能量效率建模和优化过程中经常使用的4种理论模型: 随机几何、博弈论、最优化理论和分数阶规划. 并综述了能效提升的技术, 包括高能效部署与规划、高能效基站休眠、高能效用户关联、高能效资源管理、高能效传输方式. 最后, 指出未来的可能的技术挑战:网络能效理论与超密集网络体系架构、超密集小基站高能效覆盖机理、超密集网络的柔性资源匹配机理、移动用户群体行为建模与高能效服务方法. 通过研究超密集网络高能效覆盖机理和柔性资源匹配机理, 为未来无线通信网络建模和分析提供设计依据与技术支撑.","能量效率,5G,超密集网络,用户关联,无线资源分配"
基于人工神经网络铝箔轧机轧制力模型,"王邦文,杨光,徐峰,李谋谓,刘圣明,王国平",采用BP神经网络原理对1350mm铝箔轧机轧制数据重新处理，建立了基于人工神经网络的轧制力模型.结果表明，用人工神经网络轧制力模型的计算值与实测值相比较偏差<3%.该模型较真实地反映了轧制过程的特征.,"神经网络,铝箔,轧制力模型"
利用神经网络进行综合机构的建模和控制,"袁中凡,廖俊必,赵世平","介绍了逆模型超前控制器,神经网络反馈单元及由5层神经网络组成的集成控制系统.集成控制系统包括一个由神经网络组成的系统模型和具有自调整功能的控制单元.该方法被用于优化设计的综合机构控制仿真,结果证明了它的先进性和可行性.","综合机构,控制器,神经网络"
多层局部回归网络的非线性系统预测模型,"刘贺平,张兰玲,孙一康","提出采用多层局部回归神经网络建立多变量非线性系统多步预测模型的方法,神经网络模型可提供多步预测控制所需要的系统输出预测值及输出向量对控制向量的雅可比矩阵.仿真试验表明这种动态神经网络的预测模型具有较高的精度.","非线性系统,局部回归网络,神经网络,预测模型"
基于六端网络法的压电超声换能器优化设计,"刘世杰,冯平法,查慧婷,冯峰",压电超声换能器传统四端网络设计方法忽略了压电陶瓷晶堆内部的机电耦合过程，使用该方法所设计的压电超声换能器尺寸误差大，输出的超声振幅较小。为了提高压电超声换能器尺寸设计精度、增大换能器输出的超声振幅，本文将考虑压电陶瓷晶堆内部机电耦合作用的六端网络引入到压电超声换能器的设计中，分别采用四端网络法和六端网络法设计得到两个不同尺寸的压电超声换能器A和B，通过有限元方法对比分析了两个换能器的固有频率和输出振幅，并进一步通过实验验证了设计理论与仿真分析的有效性。研究结果表明，在相同激励电压下，采用六端网络法设计得到的压电超声换能器B输出的超声振幅是换能器A输出振幅的1.5倍，六端网络法设计压电超声换能器可以提高所设计换能器的振动性能。,"压电超声换能器,六端网络法,四端网络法,有限元分析,超声振幅"
神经网络在金属大气腐蚀率预测中的应用,"马小彦,栾艳冰,屈祖玉,李长荣","根据我国大气腐蚀网站积累的环境数据和材料腐蚀数据,采用人工神经网络方法。建立了碳钢及低合金钢在大气条件下,腐蚀率与金属腐蚀暴露时间对应关系的预测模型.结果表明:在相同的大气环境下不同的金属存在着不同的网络;相同金属在不同的大气环境下存在着不同网络;BP算法的形式要根据实际情况而定.","大气腐蚀,人工神经网络,预测"
煤与瓦斯突出预测灰色理论-神经网络方法,"郭德勇,李念友,裴大文,郑登锋","将灰色理论-神经网络方法应用于煤与瓦斯突出预测中,利用灰色系统理论的灰色关联法确定了控制矿井煤与瓦斯突出的主控因素,并对煤与瓦斯突出主控因素进行筛选.建立了煤与瓦斯突出危险性预测人工神经网络的数学模型和系统结构.在平顶山八矿突出区进行了煤与瓦斯突出危险性预测应用,预测效果表明:利用灰色系统理论-神经网络方法对预测矿井煤与瓦斯突出是可行的.","煤与瓦斯突出,突出预测,灰色关联,人工神经网络"
网络动态调度系统的服务质量性能分析,"陶丽红,郝卫东,杨扬,梁哲","提出了考虑具有不同输入速率和输出速率的任务队列的网络动态调度系统状态空间模型,描述了网络动态调度系统的清空型调度策略,并在此基础上给出了系统服务质量性能指标包括队列长度、总任务数量、系统吞吐量、响应时间等的分析算法.数值计算表明,适当的调度策略可以使网络动态调度系统的响应时间处于受控的范围内,系统吞吐量处于稳定的状态.","服务质量,计算机网络,动态调度系统,性能分析,离散事件动态系统"
一种适用于HFC网络CM的QoS解决方案,"宋丽华,李培娅,张燕,王沁","通过对不同网络QoS机制进行分析比较和对DOCSIS1.1规范QoS标准的深入研究,提出了一种适用HFC网络接入网设备CM的QoS机制解决方案.给出了CM QoS体系的设计模型,对各模块进行了详细的功能介绍,从设计上保证了为不同的IP数据提供不同的服务质量.详细阐述了动态业务的发起过程和实现技术,讨论了HFC网络QoS的下一步研究方向.","QoS,DOCSIS1.1,CM,HFC网络,RSVP"
网络控制系统的一种统一的Markov跳变模型,"刘磊明,童朝南","对于网络诱导延迟的上界大于或小于一个采样周期的两种不同情况的连续时间网络控制系统,采用离散化与增广状态空间方法,建立了统一的Markov链离散时间跳变模型.由于模型含有反映系统的网络诱导延迟的大小与计算精度的参数,因此它具有更广泛的适应性.应用离散时间线性跳变系统理论,分析了保证系统均方稳定的充要条件.在所论及的保证系统均方稳定的设计算法中,给出了一种求内点法初始可行解的方法.在延迟带有一定任意性的车载倒立摆的网络控制设计中,该改进算法得到了有效应用.","网络控制系统,延迟,跳变系统,Markov链,离散化,增广状态空间方法"
基于贝叶斯神经网络的带钢厚度预测与控制,"彭开香,余尚志","采用贝叶斯统计学原理改进传统神经网络算法,通过在神经网络的目标函数中引入表示网络结构复杂性的约束项,避免网络的过拟合以提高网络的泛化能力.将改进的神经网络应用于济钢1700mm热连轧机带钢厚度预测中,其预报精度、训练时间和网络稳定性均优于传统神经网络预测;然后应用贝叶斯神经网络预测带钢塑性系数;最后将出口带钢厚度和带钢塑性系数的实时预测值综合应用于带钢热连轧厚度控制系统,改进了传统的厚度控制方式,进一步提高带钢质量.","带钢,热连轧,厚度控制,贝叶斯神经网络"
神经网络在汉语语音识别中的应用,"吴谨,王绍纯","论述了基于神经网络模型的特定人汉语语音识别,并建立了一基于3层BP神经网络的汉语语音识别系统.对汉语10个数字(1~10)进行识别实验,获得了较满意的识别结果.","语音识别,神经网络,特定人,汉语"
一种基于小波网络的混沌时间序列判定,"江亚东,吴竹青,陈因颀,江月","在对混沌时间序列与随机序列的不同特征进行分析的基础上,提出一种可对二者予以区分的判定算法.并结合具有优异特性的小波函数,构造一种小波神经网络.最终给出基于小波网络的集成的混沌时间序列判定一预测算法.","小波神经网络,混沌时间序列,预测"
神经网络在梯度功能材料制备中的应用,"徐雪艳,穆志纯,汪朝霞,郭丽斌","针对梯度功能材料(FGM)制备过程的复杂性,提出了利用神经网络信息处理机制进行制备材料的特性预估;实例分析表明,这一方法是有效的.同时,针对BP学习算法速度较慢,易陷入局部极小的缺点,改用函数型连接网络来提高学习速度.试验表明学习速度提高显著.","神经网络/梯度功能材料,BP算法,函数型连接网络"
应用神经网络建立采矿经验知识库,"李英龙,童光煦","应用神经网络建立了获取采矿方法选择时所需的主要技术经济指标的采矿经验知识库,并以普通全面法为例,描述建造BP网络模型的过程.研究结果表明:利用这个采矿经验知识库,就可以根据采矿方法的工程背景,求得它的主要技术经济指标.","采矿工程,神经网络/知识库,BP模型"
基于神经网络的自适应故障模式分类方法,"潘紫微,徐金梧","在深入研究APT-2神经网络结构的基础上,提出了一种基于神经网络的自适应故障模式分类方法,并应用在轴承故障诊断中,结果表明:该方法对轴承故障模式具有自学习、快速稳定的识别能力。","故障诊断,神经网络,轴承,模式识别,ART-2网络"
基于有向权值网络的航班运行风险传播与控制,"王岩韬,杨志远,刘锟,谢春生",为了分析航班运行风险传播过程，进而有效控制保障飞行安全，基于复杂网络理论，首先参照民航局咨询通告选取机组、航空器、运行环境共29个终端因素作为网络节点，统计民航安全监察记录，根据事件中节点关系，构建无向网络；统计前后节点间的作用关系和发生概率，提出一种有向带权的航班运行风险网络；然后，引入改进感染率和改进恢复率概念，构建一种适用于航班运行风险传播分析的改进SIR(Susceptible-infected-recovered)模型；定义感染起始范围，最后采取多参数控制方式，大规模计算该有向带权网络的传播和控制过程。结果表明：有向网的平均最短路径为1.788，属于小世界网络；参照使用民航常规管控措施，有向网节点感染下降幅度可达到37.4%；对入度值排序前3或前4的节点控制后，感染节点峰值下降率高达50.6%和58.1%，网络传播抑制明显。结果证实：在该航班运行风险有向带权网络中，按入度值控制节点对抑制风险传播最为有效。,"航空运输,航班运行风险,复杂网络,有向带权网络,改进SIR模型"
基于人工神经网络的扁钢轧制力模型,"赵伦,王邦文,韩素梅","根据BP人工神经网络算法原理,结合某厂型钢轧机轧制扁钢时的轧制力实测数据,对扁钢轧制力进行建模.结果表明,神经网络用于轧制力建模是可行的,所建模型系统误差<1%,模型计算值与实测值的偏差<4%,较好地反映了实际轧制过程的特征.","系统建模,神经网络,轧制力模型"
一种局部回归神经网络的快速算法,"王飓,刘贺平","针对目前局部回归神经网络动态BP算法的误差导数计算复杂、收敛速度慢的缺陷,提出了一种新的快速算法.该算法是将信号流图引入动态BP算法,较好地解决了求解误差导数的复杂性,同时采用BFGS算法加快了网络的收敛速度.仿真结果表明了本算法的有效性.","局部回归神经网络,动态BP算法,信号流图,BFGS"
基于人工神经网络的热轧碳钢变形抗力预报,"韩丽琦,臧勇,邹家祥,章博","以恒应变速率凸轮压缩试验机得到的实验数据为基础,采用人工神经网络的方法建立了碳钢变形抗力与应变、应变速率及温度对应关系的预测模型,与多元非线性回归模型比较,神经网络模型具有较高的预测精度.","人工神经网络,变形抗力,凸轮压缩试验机"
基于小波神经网络的混沌模式提取,"江亚东,丁丽萍,夏克俭,李恪,陈因颀","分析了小波基函数对于确定模式、混沌模式及随机模式所表现出来的不同的收敛特性,提出构造一个小波神经网络及相应学习算法.利用小波网络在学习过程中神经元的不同增长趋势来反映上述收敛性的差异,从而将3种不同的模式予以区分,并将混沌模式从中提取出来.","KDD,小波神经网络,混沌模式"
散体介质复杂力链网络演化持续同调拓扑研究,"王金安,杨柳,李飞","力链网络是表征颗粒物质和散体介质细观力学本质特征以及研究其宏观结构力学行为的重要基础。由于力链构型的复杂性和多重形态，使得力链网络难以分析处理。拓扑数据分析（TDA）为定量描述力链网络提供了一种简单、有效且易处理的方法。基于拓扑数据分析中的持续同调理论，建立了散体颗粒从接触网络到力链网络，再到拓扑空间模型的分析方法。以放顶煤开采为例，采用光弹实验方法，追踪放顶煤开采力链演化过程，对顶煤与覆岩力链网络进行持续同调拓扑分析。研究表明：将采场中散体颗粒应力作为持续同调分析的阈值ε时，Betti数可以作为衡量采场来压的一个量化指标，采场顶部覆岩和工作面前方煤岩力链网络β0曲线呈抛物线形，且来压时抛物线峰值高于初始状态下的峰值。顶部覆岩β0峰值位于强力链范围，而工作面前方煤岩β0峰值位于次强力链范围。β1曲线呈L形，在[0.3, 1]区间内，β1趋近于0，在[0, 0.2]区间内与ε近似呈反比。持续同调拓扑研究为定量分析颗粒介质复杂力链网络演化和宏观力学行为提供了有效方法。","散体介质,拓扑,持续同调,力链网络,光弹实验,放顶煤"
认知无线电网络自私行为问题及安全解决方案,"薛楠,周贤伟,周健","针对认知无线电网络中出现的两种自私行为问题,结合分簇式认知无线电网络体系结构,提出两种相应的安全解决方案.对路由发现阶段,由信道协商过程产生的隐藏可用信道信息的自私行为,首先通过可信簇头发现自私节点,然后由簇头向目的节点发送转发节点的可用数据信道信息来避免自私行为.对拒绝转发数据包的自私行为,通过节点监视机制确定自私节点,从而避免在路由过程中将自私节点作为转发节点.为了便于检验两种安全解决方案的有效性和可行性,设计了一种分布式认知无线电网络按需路由协议.理论分析和仿真实验表明,这两种自私行为问题可严重降低网络通信性能,相应的安全解决方案是有效和可行的,可分别显著提高合作节点的平均吞吐量和网络吞吐率.","认知无线电,网络安全,自私行为,路由"
热疗机器人在网络病治疗中的应用,"殷雪艳,石飞飞,王进强,宁焕生",网络病指的是因过度使用互联网或电子设备，导致身体和心理上的一系列问题，例如眼睛疲劳、焦虑症等. 随着互联网的普及和移动设备的广泛使用，长时间使用电脑屏幕和手机导致的网络病已成为影响人们健康的一大问题. 热疗法作为治疗网络病的重要方法之一，精准控制热疗温度是关键，但受医师经验差异的限制，其推广受到制约. 热疗机器人基于深度学习技术精准识别热疗区域，通过温控系统实时调节温度，具有操作稳定、精准和高效等优点，能够提高热疗法的安全率，并能够避免一些人为因素带来的风险. 本文围绕国内外热疗机器人在网络病治疗中的应用现状进行分析，在此基础上，阐述了热疗技术、目标区域导航与定位技术、机器人结构设计和安全保护技术等四方面关键技术，并分析目前存在的不足，系统展望了该技术在网络病治疗中的发展趋势.,"网络病,热疗,机器人,导航与定位,安全保护"
基于深度神经网络的点击率预测模型,"刘弘历,武森,魏桂英,李新,高晓楠","针对现有深度神经网络点击率预测模型在对用户偏好建模时，难以有效且高效地处理用户行为序列的问题，提出长短期兴趣网络（Long and short term interests network, LSTIN）模型，充分利用用户历史记录上下文信息和顺序信息，提升点击率预测精准性和训练效率。使用基于注意力机制的Transformer和激活单元结构完成用户长、短期兴趣建模，对用户短期兴趣进一步使用循环神经网络（Recurrent neural network, RNN）、卷积神经网络（Convolutional neural networks, CNN）进行处理，最后使用全连接神经网络进行预测。在亚马逊公开数据集上开展实验，将提出的模型与基于分解机的神经网络（DeepFM）、深度兴趣网络（Deep interest network, DIN）等点击率预测模型对比，结果表明提出的模型实现了考虑上下文信息和顺序信息的用户历史记录建模，接受者操作特征曲线下面积（Area under curve, AUC）指标为85.831%，相比于基础模型（BaseModel）提升1.154%，相比于DIN提升0.476%。且因区分用户长、短期兴趣，模型能够在提升预测精准性的同时保障训练效率。","点击率预测,长短期兴趣网络,深度神经网络,注意力机制,循环神经网络,卷积神经网络"
基于神经网络的轴承故障诊断方法,"蒲小平,陈克兴,徐金梧,马祥华","研究了基于神经网络的轴承故障诊断方法,应用于球轴承、圆锥轴承和圆柱轴承在轴承疲劳试验机上实际运行产生的各种真实故障的诊断,结果表明:该方法具有较好的效果。","故障诊断,神经网络,滚动轴承,疲劳试验,BP网络"
免疫遗传算法在BP神经网络中的应用,"洪露,穆志纯","提出了一种基于免疫遗传算法(IGA)的BP神经网络设计方法.该算法在遗传算法(GA)的基础上引入生物免疫系统中的多样性保持机制和抗体浓度调节机制,有效地克服了GA算法的搜索效率低、个体多样性差及早熟现象,提高了算法的收敛性能.为了解决BP神经网络权值随机初始化带来的问题,用多样性模拟退火算法(SAND)进行神经网络权值初始化,并给出了算法详细的设计步骤.仿真结果表明,同混合遗传算法相比,该算法设计的BP神经网络具有较快的收敛速度和较强的全局收敛性能.","BP神经网络,免疫遗传算法,模拟退火算法,全局收敛性"
基于神经网络的多传感器自适应滤波,"徐金梧,张晓彤","提出了利用神经网络自适应滤波原理解决多传感器信号处理的方法,通过对多路带噪声的数字模拟信号的滤波结果表明,该方法能快速、有效地消除主信号源的各种背景噪声.","多传感器,神经网络,自适应滤波"
基于模糊神经网络的地图匹配算法,"苏海滨,王光政,王继东","提出了基于模糊神经网络的新的地图匹配算法.该算法综合了数字道路信息和GPS/DR定位信息,提取两个重要参数作为输入变量,即定位点到候选路段的投影距离及定位航向与候选路段方位角差.设计出了四层模糊神经网络及改进的收敛学习规则.实验结果表明所提出的算法能很好地匹配车辆行驶路段位置.","车辆,导航系统,全球定位系统,地图匹配,模糊神经网络"
骨架图引导的级联视网膜血管分割网络,"姜大光,李明鸣,陈羽中,丁文达,彭晓婷,李瑞瑞",针对目前视网膜血管分割中存在的细小血管提取不完整、分割不准确的问题，从血管形状拓扑关系利用的角度出发，探索多任务卷积神经网络设计，提出骨架图引导的级联视网膜血管分割网络框架。该框架包含血管骨架图提取网络模块、血管分割网络模块和若干自适应特征融合结构体。骨架提取辅助任务用于提取血管中心线，能够最大限度地保留血管拓扑结构特征；自适应特征融合结构体嵌入在两个模块的特征层间。该结构体通过学习像素级的融合权重，有效地将血管拓扑结构特征与血管局部特征相融合，加强血管特征的结构信息响应。为了获得更完整的骨架图，骨架图提取网络还引入了基于图的正则化损失函数用于训练。与最新的血管分割方法相比，该方法在3个公共视网膜图像数据集上均获得第一名，在DRIVE，STARE和CHASEDB1中其F1值分别为83.1%，85.8%和82.0%。消融实验表明骨架图引导的视网膜血管分割效果更好，并且，基于图的正则化损失也能进一步提高血管分割准确性。通过将骨架提取模块和血管分割模块替换成不同的卷积网络验证了框架的普适性。,"骨架提取,视网膜血管分割,多任务,级联网络,基于图的正则化"
深度神经网络模型量化方法综述,"杨春,张睿尧,黄泷,遆书童,林金辉,董志伟,陈松路,刘艳,殷绪成",近年来，利用大型预训练模型来提高深度神经网络在计算机视觉以及自然语言处理等具体任务下的泛化能力和性能，逐渐成为基于深度学习的人工智能技术与应用的发展趋势. 虽然这些深度神经网络模型表现优异，但是由于模型的结构复杂、参数量庞大与计算成本极高，使得它们仍然难以被部署在如家电或智能手机等资源受限的边缘及端侧硬件平台上，这很大程度上阻碍了人工智能技术的应用. 因此，模型压缩与加速技术一直都是深度神经网络模型大规模商业化应用推广的关键问题之一. 当前在多种模型压缩与加速方案中，模型量化是其中主要的有效方法之一. 模型量化技术可以通过减少深度神经网络模型参数的位宽和中间过程特征图的位宽，从而达到压缩加速深度神经网络的目的，使量化后的网络能够部署在资源有限的边缘设备上，然而，由于量化会导致信息的大量丢失，如何在保证模型任务精度条件下实现模型量化已经成为热点问题. 另外，因硬件设备以及应用场景的不同，模型量化技术已经发展成为一个多分支的研究问题. 通过全面地调研不同角度下模型量化相关技术现状，并且深入地总结归纳不同方法的优缺点，可以发现量化技术目前仍然存在的问题，并为未来可能的发展指明方向.,"深度神经网络,模型压缩与加速,模型量化,量化感知训练,后训练量化,混合精度量化"
基于遗传神经网络的冷连轧机轧制压力模型,"张大志,程秉祥,李谋渭,孙一康,管克智","对鞍钢冷轧厂四机架冷连轧机轧制压力模型进行了认真分析,指出了其存在的缺陷.把遗传算法(GeneticAlgorithms,简称GA)和神经网络有机结合,设计出了具有遗传算法性能参数优选、网络结构参数优选、网络性能参数优选以及GA-BP算法联合进行网络权值修改几种功能的遗传神经网络,建立了基于遗传神经网络的新冲连轧机轧制压力模型.通过原模型计算值、新模型计算值与实测值之间的对比分析可知,遗传神经网络模型计算精度优于传统轧制力模型.","遗传算法,BP算法,神经网络,轧制压力模型"
一种用于脑肿瘤分割的改进U形网络,"黄敬腾,李锵,关欣",近年来卷积神经网络在生物医学图像处理中得到了广泛应用，例如从磁共振图像中准确分割脑肿瘤是临床诊断和治疗脑部肿瘤疾病的关键环节。3D U-Net因其分割效果优异受到追捧，但其跳跃连接补充的特征图为编码器特征提取后的输出特征图，并未进一步考虑到此过程中的原始细节信息丢失问题。针对这一问题，本文提出前置跳跃连接，并在此基础上设计了一种前置跳跃连接倒残差U形网络（FS Inv-Res U-Net）。首先，将前置跳跃连接用于改进DMF Net、HDC Net和3D U-Net 3个典型网络以验证其有效性和泛化性；其次，采用前置跳跃连接和倒残差结构改进3D U-Net，进而提出FS Inv-Res U-Net，最后在BraTS公开验证集上对所提网络进行验证。BraTS2018的验证结果在增强型肿瘤、全肿瘤和肿瘤核心的Dice值分别是80.23%、90.30%和85.45%，豪斯多夫距离分别是2.35、4.77和5.50 mm；BraTS2019的验证结果在增强型肿瘤、全肿瘤和肿瘤核心的Dice值分别是78.38%、89.78%和83.01%，豪斯多夫距离分别是4、5.57和6.37 mm。结果表明，FS Inv-Res U-Net取得了不输于先进网络的评价指标，能够实现脑肿瘤精确分割。,"脑肿瘤分割,3D U-Net,跳跃连接,倒残差,磁共振图像,多模态融合"
基于集成神经网络的剩余寿命预测,"张永峰,陆志强","针对机器或设备的剩余寿命（Remaining useful life, RUL）预测精度低的问题，提出基于一维卷积神经网络（Convolutional neural network, CNN）和双向长短期记忆（Bidirectional long short-term memory, BD-LSTM）的集成神经网络模型。为了更好地抽取时间序列上的特征，以及产生更多的训练样本，采用滑动窗口对数据进行处理，同时采用卡尔曼滤波对数据进行降噪处理，将数据标准化以及设置RUL标签。与人工提取特征不同，利用一维CNN对数据进行特征提取，并舍弃了CNN中的池化层。然后将提取到的高维特征输入到BD-LSTM进行回归预测，并采用Bagging的方式对此神经网络进行集成来预测RUL。最后通过在NASA的数据集上验证该模型的有效性，以及相比于其他机器学习或者深度学习模型的优越性，实验表明所提模型在RUL预测方面更加准确。","卡尔曼滤波,剩余寿命预测,神经网络,深度学习,集成学习"
神经网络技术在淬火控冷中的应用,"彭开香,董洁,童朝南","热轧钢材的淬火冷却是改善钢材质量和性能的重要措施,淬火过程的核心就是控制钢板的冷却速度.针对传统的淬火控冷模型的固有缺陷,为了满足扩展钢种、规格及淬火温度高精度的要求,利用神经网络技术建立了神经网络淬火控冷温度预报模型,该模型与回归数学模型相结合,完成淬火控冷现场控制.应用结果证明,该综合模型极大地提高了钢板淬火冷却的控制精度,提高了产品的成材率.","神经网络,淬火,数学模型"
基于邻域势函数的无线传感器网络模糊分簇算法,"杨斌,阳建宏,徐金梧,杨德斌","为解决冶金工业中网络拓扑稳定情况下的分簇问题,提出了一种基于节点邻域势函数的无线传感器网络模糊分簇算法.该算法将邻居节点的势函数信息作为模糊C均值隶属度矩阵的权值,用于网络分簇,提高了网络的负载均衡指数,确保分簇更加均衡.仿真实验表明,与LEACH相比,该算法使网络生命周期提高了93.6%,大幅延长了网络生命周期.","无线传感器网络,分簇,邻域势函数,模糊C均值,负载均衡"
基于特征模型和模糊动态特征模型自适应控制方法的网络控制系统,"邓建球,李海军,胡松,罗熊","针对网络控制系统模型参数选取困难的问题,利用特征模型和动态特征模型的自适应控制方法在实际工程中建模简单、控制精度较高的特点,以直流电机的网络控制系统为例,研究了具有时延和数据丢包网络情况下的网络控制系统,提出了基于特征模型的自适应控制方法和基于模糊动态特征模型的自适应控制方法.仿真结果表明:丢包率对特征模型控制器系统的影响较大,而网络延时对模糊动态特征模型控制器系统影响较大.所提两种方法均可有效保证网络控制系统的控制性能.","网络控制系统,自适应控制,特征模型,模糊控制,直流电机"
基于卡尔曼滤波的迟滞神经网络风速序列预测,"李艳晴,修春波,张欣",通过将迟滞特性引入神经元激励函数的方式，构造了一种前向型迟滞神经网络模型.结合卡尔曼滤波方法，将其应用于风速时间序列的预测分析中.在原始风速时间序列的基础上，构造出风速变化率序列.采用迟滞神经网络分别对两种序列进行预测分析，并将预测结果利用卡尔曼滤波方法进行融合，从而得到最优预测估计结果.仿真实验结果表明，迟滞神经网络具有更加灵活的网络结构，能够有效改善网络的泛化能力，预测性能优于传统神经网络.采用卡尔曼滤波方法对预测结果进行融合后能够进一步提高预测精度，降低预测误差.,"风力发电,风速,预测,神经网络,迟滞,卡尔曼滤波"
面向匹配决策问题的漏整合神经元稀疏ESN网络,"杨博,程振波,邓志东","为了对匹配决策问题进行建模与预测,提出了一种具有更多神经生理学特征的稀疏回声状态网络(ESN),并基于在线监督学习方法对网络进行训练.为了评估网络的匹配决策性能,设计了三组测试数据集对网络性能进行测试,并提出了一种基于网络期望输出与实际输出序列最大相关系数的评价方法.仿真结果表明,新模型只需要较少的训练时间即可获得较好的决策性能,且对发放时间间隔、平移和网络噪声具有较好的鲁棒性.","回声状态网络(ESN),递归神经网络,决策,匹配,神经元"
C-RAN回传网络中下行资源调度策略,"王汝言,周静,吴大鹏","随着移动互联网技术的快速发展、无线终端设备与移动应用流量需求与日俱增,移动用户对无线通信网络的服务质量(quality of service, QoS)要求越来越高、回传网络的压力也越来越大. 新出现的云无线接入网(cloud radio access network, C-RAN)能够有效提升网络容量、提高用户服务质量,同时采用无源光网络(passive optical network, PON)作为其回传网络(backhaul),能够为其提供大带宽、高可靠、低时延的回传支撑. 在移动应用需求不断变化和回传网络资源有限的条件下,高效的资源调度策略至关重要,其能够有效的提升回传网络资源利用率、降低传输等待时延. 为节约回传网络波长资源、提高波长负载均衡性和资源利用率,提出一种下行资源调度策略. 根据高热点区域无线用户实时网络需求,综合考虑回传网络波长使用数量、负载均衡性和实时业务分配均匀度等优化目标,采用自适应权重并行遗传算法完成其优化过程,从而实现波长资源动态分配,提升网络资源利用率. 仿真结果表明,提出的下行资源调度策略能有效提高网络负载均衡性和网络资源利用率,并降低实时业务等待传输时间.","云无线接入网,光回传网络,资源调度,遗传算法,自适应权重,分组调度"
基于模糊神经网络的炼钢炉静态建模,"田民乐,刘少民","根据炼钢转炉的实际采集数据,利用1种新型模糊神经网络(FNN),对其进行了静态建模。从理论上论证了该FNN的推理及非线性逼近能力。用新建模型对钢水终点温度,终点含碳量进行计算,其结果与相应的实测值基本一致。","模糊神经网络,系统辨识,转炉"
软体机械臂的建模与神经网络控制,"杨妍,刘运鹏,韩江涛,刘志杰,韩志冀",软体机械臂因其出色的环境适应能力以及安全的人机交互使其在医疗、航天航空等领域有着广阔的应用前景。但由于软体机械臂是一类连续体装置，不能采用传统的刚体机械臂的建模和控制方法，需要一种新的建模方法。针对一类线驱动软体机械臂，本文提出一种基于应变参数化方法的软体机械臂建模方法，能够描述软体机械臂在三维空间下在不同布线方式下的运动。首先把整个软体机械臂当作一个Cosserat梁，利用成熟的Cosserat梁理论进行建模，其核心思想是利用Ritz方法对软体机械臂应变场进行离散化，得到一组常微分方程组，其次利用反向传播(Back propagation，BP)神经网络完成形状空间与驱动器空间的驱动力转换。针对软体机械臂模型中存在的未知动态，利用径向基函数（Radial basis function，RBF）神经网络进行逼近和补偿。然后基于Lyapunov稳定理论证明了引入自适应神经网络控制器后闭环系统的稳定性。最后，针对模型与自适应神经网络控制器进行了一系列的仿真实验，验证了模型和控制算法的有效性。因此，可以实现对一类软体机械臂的建模控制。,"软体机械臂,Ritz方法,神经网络控制,Cosserat梁理论,Lyapunov稳定理论"
基于GA–BP神经网络的边坡变形预测,"谭文辉,李凯,刘慧敏,蔡美峰,郭奇峰",露天矿山高边坡的变形预测是保障矿山安全生产的重要手段. 本文以西藏某矿山边坡为对象，采用高精度合成孔径干涉雷达对矿区南帮边坡进行了全天候位移监测，分析了边坡变形的基本规律；采用小波降噪理论对采集的时序位移监测数据进行了降噪处理，并且为了避免预测模型陷入局部极小值，引入遗传算法（即GA算法）整合进BP神经网络的训练步骤中，用于优化BP神经网络的初始权值和阈值设置，建立了GA–BP神经网络边坡变形时序预测模型，并与BP神经网络边坡变形时序预测模型进行对比分析. 研究结果表明： GA–BP模型较BP模型的预测精度提高了10%以上，预测的平均误差减少了50%以上，而且预测的边坡变形趋势与监测值吻合程度更高；GA–BP模型较BP模型收敛速度加快10倍以上，GA–BP模型的回归系数、模型适应度优于BP模型. 因此，采用GA–BP模型可使边坡变形预测的精度、收敛速度、泛化能力均得到提高，预测结果更为可靠，可为矿山边坡安全生产提供保障.,"露天矿边坡,变形预测,BP神经网络,遗传算法,时间序列"
赛博学（Cyberism）——研究人与网络空间的学说,宁焕生,自早期人类以来的大约700万年中，人类一直生存在三个基本空间中，即物理空间（自然空间），社会空间和思维空间（认知空间）. 但随着电子计算机的诞生，以及后来的互联网和人工智能技术的发展，人类的生产和生活方式已经发生了极大改变，即在原来的三个基本生存空间之外，诞生了一个新的生存空间，即赛博空间（Cyberspace，网络空间）. 在我们的传统文化中，儒（Confucianism）是研究人与人（社会空间）的关系，释（Buddhism）是研究人与内心（思维空间）的关系，道（Daoism或Taoism）是研究人与自然（物理空间）的关系，而人与赛博空间（网络空间）关系还未得到深入研究. 本文首先提出赛博学（Cyberism）是专门研究人与赛博空间（网络空间）关系的学说，系统阐述赛博学中的一些基本问题，如：赛博哲学、赛博科学与赛博逻辑问题；赛博学中若干“人”的问题；赛博学中科技发展、社会与认知，以及网络空间生存带来的疾病与健康问题等. 其次研究了赛博空间引起的学科变革，即赛博学的学科体系及其对传统学科体系的影响. 最后展望了赛博学对未来人类文明进化、教育与科技创新的影响.,"赛博空间,赛博学,人机关系,数字人,网络病,学科体系,科技与文明进化"
网络计划模型计算机编号的逻辑运算方法,"侯运炳,熊国华","本文研究了网络计划模型计算机编号的逻辑运算方法,设计了非常简便的网络模型工序关系表计算机输入方式,使得工作效率提高了10倍以上。","网络计划,计算机编号,逻辑运算"
神经网络高炉炉况预测与判断专家系统,"杨尚宝,杨天钧,董一诚","将神经网络与传统专家系统有机地结合,建立了用于高炉炉况预测与判断的神经网络专家系统。该系统命中率高、适应性强,且具有良好的自学习功能。","高炉,炉况预测,神经网络,专家系统"
能量均衡的间断连接无线网络数据转发策略,"杨鹏,司书山,许稳,杨静,张鸿","针对间断连接无线网络中节点负载不均衡和能量资源受限的问题,提出了一种能量有效的数据转发策略.该策略根据网络运行的历史相遇信息,充分考虑网络特性,以分布式方式估计节点的活跃度、剩余能量和数据转发率,准确地估计节点效用值,感知网络节点的服务能力,以帕累托最优作为自适应选择最佳下一跳中继节点的理论依据,执行数据转发操作,有效地解决了由于节点自私性所导致的网络性能下降.数值结果表明,与其他能量管理机制相比,所提出的机制能够均衡网络节点负载,有效解决网络""热点""问题,延长网络生存时间,使投递率、时延等系统性能都得到大幅度提升.","间断连接无线网络,负载均衡,帕累托最优,效用值"
改进粒子群优化神经网络及其在产品质量建模中的应用,"王建国,阳建宏,云海滨,徐金梧","针对传统神经网络优化算法易陷入局部最优值的问题,在标准粒子群算法的基础上,对粒子速度与位置更新策略进行改进,提出一种基于改进粒子群优化算法的BP神经网络建模方法.使用sinc函数、波士顿住房数据及某钢厂带钢热镀锌生产的实际数据进行验证.结果表明,与标准的反向传播神经网络和支持向量机相比,基于改进粒子群优化的神经网络模型可以有效提高预测精度.","BP神经网络,粒子群优化算法,产品质量模型,带钢热镀锌"
人工神经网络预测纯金属的表面张力,"桂玮珍,谢允安,乔芝郁",建立了以纯金属原子半径、熔点、沸点和原子化焓预测表面张力的人工神经网络模型．训练后的神经网络能较好的拟会实验数据.对40种金属的表面张力进行回想和预测结果与实验值的偏差在可接受范围内，表明人工神经网络在纯金属表面张力预测方面有一定的前景．,"表面张力,人工神经网络,反传学习"
等参数图的最大与最小距离树对及其在电网络分析中的应用,"穆珍,黄汝激","本文推广了线图的树对及其距离的概念,提出了等参数图及其树对和树对之距离的概念。给出了等参数图中任一树对为一最大（或最小）距离树对的充分必要条件和相应的算法,讨论了等参数图中最大与最小距离树对在电网络分析中的应用,给出了网络图主划分算法1的对偶算法和电网络的最优调和分解算法。","电网络,等参数图,最大(小)距离树对,调和分解"
一种用于模拟汉字认知过程的多层自组织神经网络,"杜大鹏,穆志纯,陈静,方新","为了模拟汉语初学者的汉字认知过程,在Kohonen神经网络的基础上,改进了其网络结构和算法,并且将改进后的网络输出层根据Hebbian学习规则连接,构建了一个多Kohonen网络协同工作的汉字认知自组织神经网络模型.模拟研究结果表明,模型能够成功地学习到汉字的结构类型,且能有效识别出汉字的部件,在一定程度上模拟了汉字认知的部分过程,说明该模型用于汉字认知乃至汉语言习得的可行性.","自组织神经网络,多层,汉字学习,汉字结构类型,汉字部件"
基于Agent的安全协议对抗Ad Hoc网络下的拒绝服务攻击,"陈红松,王昭顺,宁淑荣","拒绝服务攻击是AdHoc网络安全领域中的难题,本文提出一种新型的基于Agent的安全路由协议,Agent可根据其邻节点的可信度定期更新以适应AdHoc分布式路由计算环境,有效提高网络的可信性,降低网络安全计算的复杂度;根据拒绝服务攻击的特征抽取出Agent安全规则与检测算法.采用NS2网络模拟器的仿真结果表明,该方法能有效的检测出拒绝服务攻击并进行及时响应,使网络性能迅速恢复正常.","Ad Hoc路由协议,智能体,入侵检测,网络安全"
基于粒子群优化算法和博弈论的网络学习控制系统带宽调度,"严翔,李洪波,王立德,申萍",研究了双层网络学习控制系统的带宽调度优化问题.为了合理分配子系统的带宽，引入了网络定价体系和动态带宽调度方法，建立了非合作博弈模型，从而将网络控制系统的网络资源分配问题转换为非合作博弈竞争模型下的Nash均衡点求解问题.在此基础上，采用粒子群优化算法得到此框架下的纳什均衡解，并进一步给出了网络控制系统的时间片调度方法.仿真结果表明了所提方法的有效性.,"网络控制系统,定价,博弈论,粒子群优化算法"
热轧机有限元与神经网络集成建模,"胡长斌,童朝南,彭开香","以某钢厂1580热连轧生产数据为基础,提出一种有限元与神经网络集成建模的方法.该方法首先对轧制过程的塑性变形进行有限元建模,然后结合有限元数值分析方法和智能技术的优点,实现有限元和神经网络的集成建模.集成模型中的神经网络模型为有限元模型提供参数调整的依据,并且在神经网络训练过程中使用改进的混沌粒子群优化算法对神经网络进行优化.通过与现场实际生产数据进行比较,验证了该模型的有效性.","热轧机,轧制,塑性变形,有限元分析,神经网络"
保护私有信息的社交网络合群判定,"姚亦飞,郑榕,尚伟昌",为了解决社交网络中用户申请加入群组的合适性判断问题，将安全多方计算技术中的求和协议与秘密比较协议相结合提出了保护私有信息的合群判定协议.其中基础协议解决一维线性模型下问题的安全求解，扩展协议对基于圆边界的多维模型情况进行判定.针对单一申请者与网络群组多用户的特点，将问题转换为两方计算模型可实现的形式，在证明了协议正确性的基础上分析协议的复杂度，并且利用安全视图的方法逐步验证了在协议执行过程中不会泄露任何个人的隐私数据.实际使用中协议能够有效地回避盲目的系统推荐和管理员离线所产生的判定时延，同时保护申请者和群组成员的隐私数据.,"社交网络,数据保密,网络安全,网络协议"
一种混合方式的无线传感器网络测试调试系统,"王沁,潘光荣,王磊,何杰","无线传感器网络是典型的网络化嵌入式系统,由于其既涉及嵌入式系统的行为又涉及网络的行为,以及其应用相关性,使其测试调试变得困难复杂,无法构建一个通用的测试调试平台.为有效地测试调试无线传感器网络,在分析已有的研究工作基础上,采用半实物的仿真策略,提出了一种混合方式的无线传感器网络测试调试系统,解决了纯粹软件仿真平台掩盖太多实际器件实现的细节和实际环境测试中嵌入式系统行为和网络行为不可见、不可控性的缺陷,达到了一种折中的效果.最后给出了该系统在FPGA(field programmable gate array)上的实现实例;通过实验验证了该系统能够有效地对无线传感器网络应用进行测试调试.","无线传感器网络,测试调试,网络仿真,环境测试"
面向物联网业务绿色接入的异构蜂窝网络优化,"刘娅汐,皇甫伟",物联网是未来赛博使能业务的重要支撑平台。蜂窝网络则被认为是广泛分布在部署区域中的物联网终端数据接入的主要渠道，尤其在广域覆盖方面具有难以替代的价值。在满足覆盖要求的条件下，降低蜂窝网络基站的下行发射功率在绿色通信方面具有重要的研究意义。由此提出了一种基于优化目标平滑近似和均方根传播策略的梯度下降算法，在满足物联网业务覆盖率的条件下最小化基站的总下行发射功率。首先，使用罚函数方法将复杂约束条件的异构蜂窝网络优化问题转化为简单约束形式的优化问题；其次，将不可导的目标函数通过平滑近似转化为可导形式，并给出其对天线下倾角和下行功率参数的梯度解析形式；最后，使用均方根传播梯度下降算法进行转化后的目标函数优化。仿真实验结果表明该算法可以在满足覆盖率指标的条件下最小化基站的总下行发射功率，与现有元启发算法和普通梯度下降算法相比，具有良好的收敛速度，并能更好地抑制优化过程中振荡。,"物联网,覆盖率,总下行功率损耗,天线下倾角,梯度下降法"
基于动态优化细节感知网络的遥感图像分割方法,"梁书绮,王雷,孙燕青,杨善良,李彬",现有的遥感图像分割模型，例如基于卷积神经网络（Convolutional neural network，CNN）和基于Transformer框架的模型，取得了巨大成功，但是还存在难以完整保留原始编码器特征图细节、动态捕捉全局上下文信息等缺点. 因此，基于CNN–Transformer混合框架，提出了一种全新的基于动态优化细节感知网络（Dynamic optimized detail-aware network，DODNet）的分割方法. 首先，在编码器采用ResNext–50作为主干网络，提出一种多重减法感知模块（Multi-subtraction perception module，MSPM）来收集多尺度特征图之间的空间细节差异，有效减少冗余信息. 然后，在解码器设计一个动态信息融合模块（Dynamic information fusion block，DIFB），它结合了全局双层路由自注意力分支和局部注意力分支，用于提高全局和局部信息的获取能力. 最后，提出一种新的通道空间注意力模块—统一特征提取器（Unified feature extractor，UFE）以进一步获取语义和上下文信息. 在Vaihingen、Potsdam和LoveDA三个经典公开数据集，通过对比和消融实验的定量和可视化分析表明，所提方法在F1分数、总体精度（Over accuracy，OA）和平均交并比（Mean intersection over union，mIoU）评价指标中优于十种最先进的分割方法，其中平均交并比分别达到了84.96%、87.64%和52.43%，验证了所提方法在分割具有复杂背景、内类方差大和类间方差小问题的高分辨率遥感图像的优越性能.,"遥感图像,语义分割,CNN–Transformer框架,动态Transformer,多尺度减法"
基于卷积神经网络的反无人机系统声音识别方法,"薛珊,李广青,吕琼莹,毛逸维",针对如何识别无人机的问题，提出了一种基于卷积神经网络的声音识别无人机的方法。首先，对100 m范围内的无人机、鸟和人的声音进行采集、预处理和提取MFCC+GFCC特征值，将其特征参数作为卷积神经网络学习和识别的数据集；然后分别设计了支持向量机和卷积神经网络两种模型对无人机等声音进行识别实验。实验结果表明，运用支持向量机识别无人机的准确率为91.9%，卷积神经网络识别无人机的准确率为96.5%。为了进一步验证设计的卷积神经网络的识别能力，在部分UrbanSound8K数据集上进行测试，准确率达到90%。实验结果表明运用卷积神经网络识别无人机具有可行性，且识别性能优于支持向量机。,"无人机,声音检测,公共安全,MFCC特征值,GFCC特征值,卷积神经网络"
基于树突神经网络的低轨卫星智能感知路由算法,"刘洋,王丽娜",在低轨卫星网络中，卫星运行速度快、运行周期较短，星间链路动态变化。为了及时感知星间链路状态并选择正确的路由，提出一种基于树突神经网络的低轨卫星智能感知路由算法，通过卫星之间的可视性约束分析星间建链情况，实现星间链路态势感知；通过实时构造训练集，利用树突神经网络自动调整全局卫星网络链路的权值，进而优化传统迪杰斯特拉(Dijkstra)算法，实现星间链路质量感知，给出智能路由决策；通过周期性监测卫星网络拓扑，实时修正初始路由路径。仿真结果表明，基于树突神经网络的路由算法复杂度低，路径时延、时延抖动及丢包率均低于传统启发式路由算法和Dijkstra路由算法。,"低轨卫星路由,智能感知,树突神经网络,机器学习,星间链路"
卷积神经网络在矿区预测中的研究与应用,"袁传新,贾东宁,周生辉",在研究富钴结壳高产区地形特征基础上，以富钴结壳站点地理坐标为中心，获得了一平方公里的海拔高度数值矩阵作为地形特征。使用卷积神经网络的分析方法对数值矩阵进行训练，学习坡度和平整度等区域特征，将富钴结壳站点地形和其他海底地形进行区分。依据训练后获得的模型，对富钴结壳高产区进行预测，取得了较好的预测效果，结合其他因素的影响，可以提高结壳靶区选取的精准度。,"富钴结壳,海底地形,数值矩阵,卷积神经网络,矿区预测"
考虑固液分子作用的多孔介质动态网络模型,"王小锋,朱维耀,邓庆军,刘启鹏,隋新光,娄钰,高英,张雪龄",根据质量守恒定律，从固液分子力作用出发，结合岩心的孔喉分布特征，建立考虑固壁与流体分子作用的动态网络模型.利用模型模拟得到不同时间步的孔隙压力变化，分析了固液分子间力、喉道半径、润湿性等因素对剩余油饱和度分布和水驱相渗曲线的影响.研究结果表明，考虑固液分子间力作用时剩余油饱和度增大，岩石骨架与流体间的分子作用在多孔介质的孔隙流动中不可忽略.,"油田开发,多孔介质,渗流,分子间力,孔压,数学模型"
线性多回路反馈网络的N口统一参数理论,黄汝激,"本文提出了N口线性网络的统一参数慨念和统一参数理论。应用这个理论研究了一般线性多回路反馈网绍的回归差矩阵与零回归差矩阵,导出它们与网络的统一参数矩阵之间的关系,业将Blackman方程推广到从一口集到另一口集的传递矩阵的情况,从而建立了线性多回路反馈网络的N口统一参数理论。这个理论一个典型应用是解决了一般复合反馈放火器的理论分析问题。",
基于ICA和BP神经网络的人耳图像识别,"张海军,穆志纯,张成阳","提出了一种独立分量分析和BP神经网络相结合的人耳识别新方法(ICABP法).首先采用快速独立分量分析方法提取人耳图像的独立基图像和投影向量,然后采用改进的三层BP神经网络进行分类识别.该方法将ICA的空间局部特征提取功能和BP神经网络的自适应功能有机地结合起来,增强了系统的鲁棒性.实验表明,ICABP法取得了很高的识别率.","人耳识别,独立分量分析,BP神经网络,特征提取"
板形板厚综合系统的解耦神经网络预测控制方法,"石中锁,孙一康","给出了板形板厚综合控制模型,提出了基于TH神经网络的动态矩阵设计方法并分析了其收敛特性.使用不变性原理对板形板厚综系统进行了解耦设计,并对板形板厚解耦神经网络预测控制系统,进行了仿真研究.结果表明神经网络可在儿百ns的时间内达到稳定状态,不仅满足了轧钢过程的快速性要求,而且控制精度也得到了提高.","控制/动态矩阵,神经网络,板形板厚综合系统,收敛性"
一种基于轻量级神经网络的高铁轮对轴承故障诊断方法,"邓飞跃,丁浩,吕浩洋,郝如江,刘永强",深度神经网络技术用于机械设备故障诊断展现出了巨大潜力，但繁重复杂的计算量对计算机硬件提出了严苛的要求，严重限制了其在实际工程中的应用。基于此提出一种新型的轻量级神经网络ShuffleNet，用于高速列车轮对轴承故障诊断研究。该网络模型基于模块化设计思想，包含多个高效率的ShuffleNet单元，通过运用分组卷积与深度可分离卷积技术极大改善了传统卷积操作的运算效率；同时使用通道混洗方法克服了通道分组带来的约束，改进了网络的损失精度。实验分析表明，所提网络模型可有效用于复杂工况下高速列车轮对轴承故障诊断，相比传统卷积神经网络、残差网络和Xception等当前深度神经网络模型，在保证诊断精度的同时，运行效率得到大幅提升。这为深度神经网络技术应用于工程实际，克服计算机硬件条件限制提供了一条新的途径。,"轮对轴承,高速列车,故障诊断,深度神经网络,ShuffleNet单元"
工业网络体系架构的演进、关键技术及未来展望,"王健全,马彰超,孙雷,张超一,李卫","基于工业互联网应具备的特征，结合现有工业互联网总体现状，分析总结传统工业自动化封闭式五层架构存在的问题。首先，提出支持数据高效流转的云、边端新型工业网络协同架构，架构的变革对现有技术提出挑战，同时也为传统自动化系统提供了新的机遇。其次，在总体架构的基础上，提出适配新型工业网络基础架构的两项关键技术。5G–时间敏感网络（Time-sensitive networking, TSN）协同传输技术，包括5G–TSN异构网络融合架构、网络时钟适配机制以及基于软件定义网络（Software defined network，SDN）的融合管控和资源调度三部分技术内容；基于确定性网络的云化可编程逻辑控制器（Programmable logic controller，PLC）技术包括工业控制虚拟化和5G云化工业控制技术两部分技术内容。基于此，提出自主设计面向实时运动控制的5G云化PLC与EtherCAT融合系统，以及面向实时运动控制的EtherCAT与TSN融合系统试验平台，并验证了新型工业网络架构的科学性和合理性。最后，对未来网络、控制、计算一体化工业自动化系统中的高效性、可靠性和安全性之间的融合问题及潜在解决方案进行了探讨。","工业互联网,智能制造,时间敏感网络,5G,工业控制虚拟化,自动控制,云化可编程逻辑控制器"
基于自适应—相似修正的网络安全态势预测方法,"王娜, 常娅明, 刘佳林",针对网络安全态势预测问题，提出一种基于自适应—相似修正的预测方法。首先，提出一种步长自适应策略来确定预测模型的初始输入。即，引入变分模态分解来提取原始态势数据集的模态分量集；并对分量集中的周期分量，利用快速傅里叶变换确定其周期个数，作为其对应预测模型的输入长度；对非周期分量，利用递减Lempel-Ziv复杂度准则来自适应确定其对应预测模型的输入长度。其次，对模态分量的每个分量值，由训练数据集来构建其对应的支持向量机子模型。再次，在给定的初始输入长度下，基于余弦方差相似度判据，在训练数据集中筛选与测试集初始输入长度相同、变化趋势相似的数据子集。然后，基于上述支持向量机子模型，对该相似数据子集获得初始预测结果，并将相似数据子集与其初始预测结果作为最终的预测模型输入，实现对初始支持向量机子模型的修正。最后，在标准网络安全数据集NSL-KDD上的实验表明：所提单步预测方法均方误差(MSE)为0.000175、平均绝对误差(MAE)为0.0107、决定系数(R2)为98.40%，其预测精度显著优于传统浅层学习、深度学习及支持向量机方法；在四步预测中，引入修正机制后效果更明显，与修正前相比，MAE、MSE分别降低了29.00%、53.69%，R2提升了5.03%；综上，验证了基于自适应—相似修正的预测方法的较高预测准确性。,"态势预测,快速傅里叶变换,支持向量机,Lempel-Ziv复杂度,余弦方差相似度"
神经网络应用于烧结矿质量在线推断,"邵贤强,张铁军,瞿寿德,邱道尹","针对烧结过程生产实际,运用神经网络中的BP学习算法设计了分类器,用于在线推断烧结矿的质量。为了加快BP学习算法的收敛速度,采用了自适应变步长学习算法。实验结果表明,由此建立的烧结过程神经网络质量预报模型,预报正确率高,具有很好的泛化能力。","烧结,神经网络,模式识别/自适应变步长"
基于BP神经网络的CVC冷连轧机板形预测控制模型,"周晓敏,张清东,王长松,陈守群,何汝迎,许健勇","将BP神经网络建模方法与预测控制思想相结合用于宽带钢板形自动控制,研究并建立了基于BP神经网络的板形预测控制数学模型.经用宝钢1420mm冷轧实测数据仿真验证表明该模型具有很高的预测精度.","神经网络,板形自动控制,预测控制系统"
神经网络专家系统的状态识别、知识表示和求解策略,"郑德玲,李育晖","将神经网络与人工智能技术相结合,提出了1种新型的知识表示的形式化描述和知识单元。知识通过模式分类导入,并用IMSBP和(B-B)BP调节2种不同类型的权。在此基础上提出了神经网络的双向求解策略。以加热炉控制验证了其可行性。","专家系统,神经网络,状态识别,自学习"
高炉异常炉况判断专家系统及神经网络的实现,"程冬超,王顺晃,林克真","提出高炉异常炉况判断专家系统原理及实现方法.针对一般专家系统知识获取""瓶颈""现象,引入神经网络实现高炉异常炉况判断.仿真结果表明,这种方法实用可行,为高炉异常炉况判断采用神经网络实现提供了1个很好的实例.","专家系统,高炉,神经网络,模糊逻辑"
人工神经网络在O'-Sialon-BN复合材料设计中的应用,"甄强,李文超","对神经网络和传统模式识别技术的基本原理和应用特点进行比较.根据已有烧结合成O'-Sialon的实验数据,利用改进后的人工神经网络,构筑了材料相组成及性能的预测模块,并与模式识别技术处理得到的结果进行了比较.在此基础上,探索了合成O'-Sialon-BN复合材料的工艺条件,并通过实验结果进行了验证.","人工神经网络,模式识别,o'-Sialon-BN,材料设计"
基于LVQ神经网络的冷轧带钢表面缺陷分类方法,"吴贵芳,徐科,徐金梧","将LVQ神经网络用于冷轧带钢表面缺陷的自动分类中,解决了以往分类方法在多缺陷模式类型情况下耗时多和准确率低的问题.对现场采集到的14种主要缺陷类型进行了实验.实验结果表明,基于LVQ神经网络的分类器训练与分类的时间短,在多缺陷种类分类的过程中准确率能得到保证.","冷轧带钢,表面缺陷,缺陷分类,LVQ神经网络"
巡线机器人延迟容忍传感器网络数据传输策略,"樊飞,吴功平,王满,徐青山,曹琪,杨松","巡线机器人延迟容忍传感器网络(delay tolerant mobile sensor networks for inspection robot,DTMSNR)用于输电线路巡线机器人远程电网数据收集,具有节点稀疏、异构、随机移动性、间歇连通性和延迟容忍性.针对传统传感器网络数据传输算法机器人数据传输成功率低与网络可靠性差等问题.提出一种基于巡线机器人位姿信息的数据传输(mobile robot position-based delivery,MPD)策略.为准确计算巡线机器人网络位姿信息,建立机器人路径约束随机运动模型.MPD采用机器人相对网络位姿信息计算传输概率,进行消息传输路径选择.对网络异构消息引入机器人消息优先传输、消息失效机制进行消息队列管理.仿真实验表明,相较现有的几种延迟容忍传感器网络(delay tolerant mobile sensor network,DTMSN)数据传输策略,针对巡线机器人网络MPD能在适当的传输能耗下达到更高的传输成功率与更低的传输延迟.","巡线机器人,延迟容忍传感器网络,数据传输,队列管理,输电线路监控"
用户属性感知的移动社交网络边缘缓存机制,"杨静,武佳,李红霞",针对数据流量爆发式增长所引发的网络拥塞、用户体验质量恶化等问题，提出一种用户属性感知的边缘缓存机制。首先，利用隐语义模型获知用户对各类内容的兴趣度，进而估计本地流行内容，然后微基站将预测的本地流行内容协作缓存，并根据用户偏好的变化，将之实时更新。为进一步减少传输时延，根据用户偏好构建兴趣社区，在兴趣社区中基于用户的缓存意愿和缓存能力，选择合适的缓存用户缓存目标内容并分享给普通用户。结果表明，所提机制性能优于随机缓存及最流行内容缓存算法，在提高缓存命中率、降低传输时延的同时，增强了用户体验质量。,"移动社交网络,边缘缓存,流行度预测,隐语义模型,社会属性"
网络安全等级保护下的区块链评估方法,"朱岩,张艺,王迪,秦博涵,郭倩,冯荣权,赵章界",等级保护（简称等保）是我国信息安全的基本政策，随着区块链技术在各行业中的应用日趋广泛，有必要同步推进区块链系统的等级保护测评工作，这将有利于推动该技术在我国的持续健康发展。有鉴于此，依据等保第三级的应用和数据安全要求，给出了区块链系统中对等网络、分布式账本、共识机制和智能合约等核心技术的具体测评要求及实施方案，并从等保2.0规定的控制点出发，分别对当前区块链系统运行数据与基于日志流程的安全审计机制进行了归纳与分析。通过上述评估与分析可知区块链系统在软件容错、资源控制和备份与恢复等方面满足等保要求，而在安全审计、身份鉴别、数据完整性等方面则有待进一步改进。,"区块链,网络安全等级保护,对等网络,共识机制,评估与分析"
BP神经网络IF钢铝耗的预测模型,"张思源,包燕平,张超杰,林路","为了解决某钢厂IF钢冶炼RH精炼过程铝耗偏高问题,通过数理统计和BP神经网络相结合的方法建立了铝耗预测模型,并与多元线性回归模型进行比较,该模型具有更高准确度.该模型分析了不同冶炼工艺参数对铝耗的具体影响,并对相应工艺参数进行了优化.结果表明:脱碳结束氧活度或RH进站氧活度降低0.005%左右,每吨钢铝耗可降低0.07~0.08 kg,铝脱氧有效利用系数为70.31%~80.35%;RH进站钢液温度增加35~40℃,铝耗降低1 kg左右,铝热反应升温利用系数在97.4%左右;吹氧量小于100 m3和大于100 m3时,氧气与铝反应的比例分别为37.3%和74.6%左右,吹氧量每增加50 m3,铝耗分别增加0.1 kg和0.2 kg左右.工艺参数优化后平均铝耗由1.359 kg降低到1.113 kg,降幅达18.1%.","IF钢,低碳钢,铝耗,神经网络,预测模型"
